steps,nfe,fid,num_samples
5,9,37.7839,50000
10,19,2.63703,50000
18,35,1.9598,50000
25,49,1.97677,50000
50,99,2.02097,50000