steps,nfe,fid,num_samples
5,9,39.6872,10000
10,19,4.74202,10000
18,35,4.02373,10000
25,49,4.03675,10000
50,99,4.07268,10000